id	path	format	allow	local
E112	dotfiles/.config/.curlrc	line	location referer	user, proxy, header, cookie, url, cert, and netrc options
E113	dotfiles/.config/bundle/config	yaml	BUNDLE_IGNORE_FUNDING_REQUESTS	registry mirrors and BUNDLE_<host> credentials
E114	dotfiles/.config/gem/gemrc	yaml	gem update_sources sources bulk_threshold benchmark	authenticated or private sources and API keys
E115	dotfiles/.config/gh/config.yml	yaml	version git_protocol	hosts, users, and tokens
E116	dotfiles/.config/litecli/config	ini	main.multi_line main.destructive_warning main.log_file main.log_level main.table_format main.syntax_style main.key_bindings main.wider_completion_menu main.autocompletion main.prompt main.prompt_continuation main.show_bottom_toolbar main.less_chatty main.login_path_as_host main.auto_vertical_output main.keyword_casing main.enable_pager colors.*	favorite_queries section
E117	dotfiles/.config/mycli/myclirc	ini	main.smart_completion main.multi_line main.destructive_warning main.log_file main.log_level main.timing main.table_format main.syntax_style main.key_bindings main.wider_completion_menu main.prompt_continuation main.less_chatty main.login_path_as_host main.auto_vertical_output main.keyword_casing main.enable_pager colors.*	favorite_queries and alias_dsn sections; hosts, users, and passwords
E118	dotfiles/.config/mysql/my.cnf	ini	mysql.prompt mysql.auto-rehash mysql.binary-as-hex mysql.default-character-set mysql.silent	client section: user, password, host, port, socket
E119	dotfiles/.config/npm/npmrc	ini	cache color fund init-module init-version logs-dir min-release-age prefix preid save-exact sign-git-commit sign-git-tag	init-author-email, init-author-name, init-author-url; registry, scoped registries, and auth tokens
E120	dotfiles/.config/pgcli/config	ini	main.smart_completion main.wider_completion_menu main.multi_line main.multi_line_mode main.destructive_warning main.expand main.auto_expand main.generate_aliases main.log_file main.keyword_casing main.casing_file main.generate_casing_file main.case_column_headers main.history_file main.log_level main.asterisk_column_order main.qualify_columns main.search_path_filter main.timing main.show_bottom_toolbar main.table_format main.syntax_style main.vi main.on_error main.row_limit main.max_field_width main.less_chatty main.prompt main.min_num_menu_lines main.multiline_continuation_char main.null_string main.enable_pager main.keyring colors.* data_formats.decimal data_formats.float	named queries and alias_dsn sections
E121	dotfiles/.config/pip/pip.conf	ini	global.break-system-packages	index-url, extra-index-url, trusted-host, proxy, cert, client-cert
E122	dotfiles/.config/pnpm/config.yaml	yaml	enableGlobalVirtualStore savePrefix trustPolicy updateNotifier	registry, scoped registries, auth tokens, proxies
E123	dotfiles/.config/pypoetry/config.toml	toml	virtualenvs.in-project virtualenvs.prefer-active-python	repositories, http-basic, pypi-token, certificates
E124	dotfiles/.config/uv/uv.toml	toml	exclude-newer preview	index, index-url, extra-index-url, find-links, allow-insecure-host, proxies
E125	dotfiles/.config/wget/wgetrc	ini	timestamping prefer_family localencoding remoteencoding httpsonly progress quiet no_parent timeout tries retry_connrefused follow_ftp adjust_extension robots server_response content_disposition	header (identity and every other header), hsts-file; user, password, proxies, cookies
E126	dotfiles/.config/youtube-dl/config	args	external-downloader output restrict-filenames format write-sub write-auto-sub sub-format sub-lang add-metadata	username, password, netrc, cookies, proxy, private output paths
E127	dotfiles/.config/yt-dlp/config	args	external-downloader output restrict-filenames	username, password, netrc, cookies, cookies-from-browser, proxy, private output paths
E128	dotfiles/.config/opencode/opencode.jsonc	jsonc	$schema autoupdate lsp formatter.*.command formatter.*.extensions mcp.*.type mcp.*.command mcp.*.url mcp.*.enabled plugin permission.bash.* permission.external_directory.* websearch.provider	provider, model, small_model, enterprise, mcp headers, oauth, and environment
