E001	S	~/.config/mise/dotfiles/.editorconfig	config/dotfiles/.editorconfig
E002	S	~/.config/mise/dotfiles/.oxfmtrc.jsonc	config/dotfiles/.oxfmtrc.jsonc
E003	S	~/.config/mise/dotfiles/package.json	config/dotfiles/package.json
E004	S	~/.config/mise/dotfiles/pnpm-lock.yaml	config/dotfiles/pnpm-lock.yaml
E005	S	~/.config/mise/dotfiles/.ssh/config	config/dotfiles/.ssh/config
E006	S	~/.config/mise/config.toml	config/config.toml
E007	S	~/.config/mise/AGENTS.md	config/AGENTS.md
E008	S	~/.config/mise/conf.d/00-tools.toml	config/conf.d/00-tools.toml
E009	S	~/.config/mise/conf.d/settings.toml	config/conf.d/settings.toml
E011	S	~/.config/mise/conf.d/dotfiles.toml	config/conf.d/dotfiles.toml
E012	S	~/.config/mise/dotfiles/.config/git/config	config/dotfiles/.config/git/config
E013	S	~/.config/mise/dotfiles/.config/git/personal.gitconfig	config/dotfiles/.config/git/personal.gitconfig
E014	S	~/.config/git/alias.gitconfig	home/.config/git/alias.gitconfig
E015	S	~/.config/git/COMMIT_EDITMSG	home/.config/git/COMMIT_EDITMSG
E016	S	~/.config/git/attributes	home/.config/git/attributes
E017	S	~/.config/git/diff.gitconfig	home/.config/git/diff.gitconfig
E018	S	~/.config/git/filter.gitconfig	home/.config/git/filter.gitconfig
E019	S	~/.config/git/hook.gitconfig	home/.config/git/hook.gitconfig
E020	S	~/.config/git/ignore	home/.config/git/ignore
E021	S	~/.config/git/order	home/.config/git/order
E022	S	~/.config/bash/.bash_logout	home/.config/bash/.bash_logout
E023	S	~/.config/bash/.bash_profile	home/.config/bash/.bash_profile
E024	S	~/.config/bash/.bashrc	home/.config/bash/.bashrc
E025	S	~/.config/login/.hushlogin	home/.config/login/.hushlogin
E026	S	~/.config/shell/.profile	home/.config/shell/.profile
E027	S	~/.config/shell/env.sh	home/.config/shell/env.sh
E028	S	~/.config/shell/aliases.sh	home/.config/shell/aliases.sh
E029	S	~/.config/shell/common.sh	home/.config/shell/common.sh
E030	S	~/.config/shell/functions.sh	home/.config/shell/functions.sh
E031	S	~/.config/shell/logout.sh	home/.config/shell/logout.sh
E032	S	~/.config/default-pkgs/gem.list	home/.config/default-pkgs/gem.list
E033	S	~/.config/mise/dotfiles/.local/bin/check-git-remote	config/dotfiles/.local/bin/check-git-remote
E034	S	~/.config/mise/dotfiles/.local/bin/git-worktree-prune	config/dotfiles/.local/bin/git-worktree-prune
E035	S	~/.config/mise/dotfiles/.local/bin/print-git-email-symbol	config/dotfiles/.local/bin/print-git-email-symbol
E036	S	~/.config/.actrc	home/.config/.actrc
E037	S	~/.config/.bunfig.toml	home/.config/.bunfig.toml
E038	S	~/.config/atuin/config.toml	home/.config/atuin/config.toml
E039	S	~/.config/aube/config.toml	home/.config/aube/config.toml
E040	S	~/.config/bat/config	home/.config/bat/config
E041	S	~/.config/biome/biome.jsonc	home/.config/biome/biome.jsonc
E042	S	~/.config/black	home/.config/black
E043	S	~/.config/bob/config.toml	home/.config/bob/config.toml
E044	S	~/.config/bottom/bottom.toml	home/.config/bottom/bottom.toml
E045	S	~/.config/broot/conf.hjson	home/.config/broot/conf.hjson
E046	S	~/.config/broot/verbs.hjson	home/.config/broot/verbs.hjson
E047	S	~/.config/clang-format/.clang-format	home/.config/clang-format/.clang-format
E048	S	~/.config/clangd/config.yaml	home/.config/clangd/config.yaml
E049	S	~/.config/conventional-changelog/config.js	home/.config/conventional-changelog/config.js
E050	S	~/.config/deno/deno.jsonc	home/.config/deno/deno.jsonc
E051	S	~/.config/direnv/direnv.toml	home/.config/direnv/direnv.toml
E052	S	~/.config/direnv/direnvrc	home/.config/direnv/direnvrc
E053	S	~/.config/espanso/config/default.yml	home/.config/espanso/config/default.yml
E054	S	~/.config/espanso/match/base.yml	home/.config/espanso/match/base.yml
E055	S	~/.config/git-cliff/cliff.toml	home/.config/git-cliff/cliff.toml
E056	S	~/.config/gitlogue/config.toml	home/.config/gitlogue/config.toml
E057	S	~/.config/gitui/key_bindings.ron	home/.config/gitui/key_bindings.ron
E058	S	~/.config/gitui/theme.ron	home/.config/gitui/theme.ron
E059	S	~/.config/grit/grit.yaml	home/.config/grit/grit.yaml
E060	S	~/.config/hadolint.yaml	home/.config/hadolint.yaml
E061	S	~/.config/harper-ls/dictionary.txt	home/.config/harper-ls/dictionary.txt
E062	S	~/.config/hk/AGENTS.md	home/.config/hk/AGENTS.md
E063	S	~/.config/hk/config.pkl	home/.config/hk/config.pkl
E064	S	~/.config/hn-tui.toml	home/.config/hn-tui.toml
E065	S	~/.config/hunk/config.toml	home/.config/hunk/config.toml
E066	S	~/.config/irb/irbrc	home/.config/irb/irbrc
E067	S	~/.config/jupytext.toml	home/.config/jupytext.toml
E068	S	~/.config/latexindent/.latexindent.yaml	home/.config/latexindent/.latexindent.yaml
E069	S	~/.config/latexmk/latexmkrc	home/.config/latexmk/latexmkrc
E070	S	~/.config/luacheck/.luacheckrc	home/.config/luacheck/.luacheckrc
E071	S	~/.config/markdownlint/config	home/.config/markdownlint/config
E072	S	~/.config/pitchfork/config.toml	home/.config/pitchfork/config.toml
E073	S	~/.config/prettier/.prettierrc.mjs	home/.config/prettier/.prettierrc.mjs
E074	S	~/.config/python/pythonrc.py	home/.config/python/pythonrc.py
E075	S	~/.config/readline/inputrc	home/.config/readline/inputrc
E076	S	~/.config/ripgrep/config	home/.config/ripgrep/config
E077	S	~/.config/rtk/config.toml	home/.config/rtk/config.toml
E078	S	~/.config/rubocop/config.yml	home/.config/rubocop/config.yml
E079	S	~/.config/screen/screenrc	home/.config/screen/screenrc
E080	S	~/.config/shellcheckrc	home/.config/shellcheckrc
E081	S	~/.config/shellfirm/settings.yaml	home/.config/shellfirm/settings.yaml
E082	S	~/.config/silicon/config	home/.config/silicon/config
E083	S	~/.config/solargraph/config.yml	home/.config/solargraph/config.yml
E084	S	~/.config/sqlfluff/.sqlfluff	home/.config/sqlfluff/.sqlfluff
E085	S	~/.config/starship/starship.toml	home/.config/starship/starship.toml
E086	S	~/.config/stylelint/stylelint.config.js	home/.config/stylelint/stylelint.config.js
E087	S	~/.config/tailspin/theme.toml	home/.config/tailspin/theme.toml
E088	S	~/.config/tealdeer/config.toml	home/.config/tealdeer/config.toml
E089	S	~/.config/television/cable/git-branch-local.toml	home/.config/television/cable/git-branch-local.toml
E090	S	~/.config/television/config.toml	home/.config/television/config.toml
E091	S	~/.config/tokei.toml	home/.config/tokei.toml
E092	S	~/.config/topgrade/topgrade.toml	home/.config/topgrade/topgrade.toml
E093	S	~/.config/warp-terminal/keybindings.yaml	home/.config/warp-terminal/keybindings.yaml
E094	S	~/.config/wezterm/AGENTS.md	home/.config/wezterm/AGENTS.md
E095	S	~/.config/wezterm/CONTEXT.md	home/.config/wezterm/CONTEXT.md
E096	S	~/.config/wezterm/selene.toml	home/.config/wezterm/selene.toml
E097	S	~/.config/wezterm/wezterm.lua	home/.config/wezterm/wezterm.lua
E098	S	~/.config/wezterm/wezterm.yml	home/.config/wezterm/wezterm.yml
E099	S	~/.config/wiki-tui/config.toml	home/.config/wiki-tui/config.toml
E100	S	~/.config/zed/settings.json	home/.config/zed/settings.json
E101	S	~/.config/mise/dotfiles/.config/herdr/config.toml.tmpl	config/dotfiles/.config/herdr/config.toml.tmpl
E102	S	~/.config/stylua/stylua.toml	home/.config/stylua/stylua.toml
E103	S	~/.config/helix/config.toml	home/.config/helix/config.toml
E104	S	~/.config/helix/themes/catppuccin_mocha_transparent.toml	home/.config/helix/themes/catppuccin_mocha_transparent.toml
E105	S	~/.config/helix/themes/gruvbox_dark_hard_transparent.toml	home/.config/helix/themes/gruvbox_dark_hard_transparent.toml
E107	S	~/.config/mpv/input.conf	home/.config/mpv/input.conf
E108	S	~/.config/mpv/mpv.conf	home/.config/mpv/mpv.conf
E109	S	~/.config/opencode/AGENTS.md	home/.config/opencode/AGENTS.md
E110	S	~/.config/opencode/CONTEXT.md	home/.config/opencode/CONTEXT.md
E111	S	~/.config/tombi/AGENTS.md	home/.config/tombi/AGENTS.md
E112	S	~/.config/mise/dotfiles/.config/.curlrc	config/dotfiles/.config/.curlrc
E113	S	~/.config/mise/dotfiles/.config/bundle/config	config/dotfiles/.config/bundle/config
E114	S	~/.config/mise/dotfiles/.config/gem/gemrc	config/dotfiles/.config/gem/gemrc
E115	S	~/.config/mise/dotfiles/.config/gh/config.yml	config/dotfiles/.config/gh/config.yml
E116	S	~/.config/mise/dotfiles/.config/litecli/config	config/dotfiles/.config/litecli/config
E117	S	~/.config/mise/dotfiles/.config/mycli/myclirc	config/dotfiles/.config/mycli/myclirc
E118	S	~/.config/mise/dotfiles/.config/mysql/my.cnf	config/dotfiles/.config/mysql/my.cnf
E119	S	~/.config/mise/dotfiles/.config/npm/npmrc	config/dotfiles/.config/npm/npmrc
E120	S	~/.config/mise/dotfiles/.config/pgcli/config	config/dotfiles/.config/pgcli/config
E121	S	~/.config/mise/dotfiles/.config/pip/pip.conf	config/dotfiles/.config/pip/pip.conf
E122	S	~/.config/mise/dotfiles/.config/pnpm/config.yaml	config/dotfiles/.config/pnpm/config.yaml
E123	S	~/.config/mise/dotfiles/.config/pypoetry/config.toml	config/dotfiles/.config/pypoetry/config.toml
E124	S	~/.config/mise/dotfiles/.config/uv/uv.toml	config/dotfiles/.config/uv/uv.toml
E125	S	~/.config/mise/dotfiles/.config/wget/wgetrc	config/dotfiles/.config/wget/wgetrc
E126	S	~/.config/mise/dotfiles/.config/youtube-dl/config	config/dotfiles/.config/youtube-dl/config
E127	S	~/.config/mise/dotfiles/.config/yt-dlp/config	config/dotfiles/.config/yt-dlp/config
E128	S	~/.config/mise/dotfiles/.config/opencode/opencode.jsonc	config/dotfiles/.config/opencode/opencode.jsonc
E129	S	~/.config/opencode/plugins/inject-env.ts	home/.config/opencode/plugins/inject-env.ts
E130	S	~/.config/opencode/tui.jsonc	home/.config/opencode/tui.jsonc
E131	S	~/.local/share/gnupg/gpg.conf	home/.local/share/gnupg/gpg.conf
E132	S	~/.local/share/gnupg/gpg-agent.conf	home/.local/share/gnupg/gpg-agent.conf
E133	S	~/.local/share/cargo/config.toml	home/.local/share/cargo/config.toml
E134	S	~/.config/vale/.vale.ini	home/.config/vale/.vale.ini
E135	S	~/.local/share/vale/styles/config/vocabularies/bryan/accept.txt	home/.local/share/vale/styles/config/vocabularies/bryan/accept.txt
E136	S	~/.local/share/vale/styles/config/vocabularies/bryan/reject.txt	home/.local/share/vale/styles/config/vocabularies/bryan/reject.txt
E137	S	~/.config/helix/languages.toml	home/.config/helix/languages.toml
E138	S	~/.config/nvim/.editorconfig	home/.config/nvim/.editorconfig
E138	S	~/.config/nvim/.gitignore	home/.config/nvim/.gitignore
E138	S	~/.config/nvim/.neoconf.json	home/.config/nvim/.neoconf.json
E138	S	~/.config/nvim/AGENTS.md	home/.config/nvim/AGENTS.md
E138	S	~/.config/nvim/CONTEXT.md	home/.config/nvim/CONTEXT.md
E138	S	~/.config/nvim/README.md	home/.config/nvim/README.md
E138	S	~/.config/nvim/after/ftplugin/cf.lua	home/.config/nvim/after/ftplugin/cf.lua
E138	S	~/.config/nvim/after/ftplugin/editorconfig.lua	home/.config/nvim/after/ftplugin/editorconfig.lua
E138	S	~/.config/nvim/after/ftplugin/gitcommit.lua	home/.config/nvim/after/ftplugin/gitcommit.lua
E138	S	~/.config/nvim/after/ftplugin/gitconfig.lua	home/.config/nvim/after/ftplugin/gitconfig.lua
E138	S	~/.config/nvim/after/ftplugin/help.lua	home/.config/nvim/after/ftplugin/help.lua
E138	S	~/.config/nvim/after/ftplugin/man.lua	home/.config/nvim/after/ftplugin/man.lua
E138	S	~/.config/nvim/after/ftplugin/ps1.lua	home/.config/nvim/after/ftplugin/ps1.lua
E138	S	~/.config/nvim/after/ftplugin/ron.lua	home/.config/nvim/after/ftplugin/ron.lua
E138	S	~/.config/nvim/after/queries/markdown/highlights.scm	home/.config/nvim/after/queries/markdown/highlights.scm
E138	S	~/.config/nvim/after/queries/markdown/injections.scm	home/.config/nvim/after/queries/markdown/injections.scm
E138	S	~/.config/nvim/compiler/dotnet.vim	home/.config/nvim/compiler/dotnet.vim
E138	S	~/.config/nvim/filetype.lua	home/.config/nvim/filetype.lua
E138	S	~/.config/nvim/init.lua	home/.config/nvim/init.lua
E138	S	~/.config/nvim/lsp/adobe-cfml-lsp.lua	home/.config/nvim/lsp/adobe-cfml-lsp.lua
E138	S	~/.config/nvim/lsp/ron-lsp.lua	home/.config/nvim/lsp/ron-lsp.lua
E138	S	~/.config/nvim/lua/config/autocmds.lua	home/.config/nvim/lua/config/autocmds.lua
E138	S	~/.config/nvim/lua/config/keymaps.lua	home/.config/nvim/lua/config/keymaps.lua
E138	S	~/.config/nvim/lua/config/lazy.lua	home/.config/nvim/lua/config/lazy.lua
E138	S	~/.config/nvim/lua/config/neovide.lua	home/.config/nvim/lua/config/neovide.lua
E138	S	~/.config/nvim/lua/config/options.lua	home/.config/nvim/lua/config/options.lua
E138	S	~/.config/nvim/lua/plugins/colorscheme.lua	home/.config/nvim/lua/plugins/colorscheme.lua
E138	S	~/.config/nvim/lua/plugins/editor.lua	home/.config/nvim/lua/plugins/editor.lua
E138	S	~/.config/nvim/lua/plugins/extras/browser.lua	home/.config/nvim/lua/plugins/extras/browser.lua
E138	S	~/.config/nvim/lua/plugins/extras/dap.lua	home/.config/nvim/lua/plugins/extras/dap.lua
E138	S	~/.config/nvim/lua/plugins/extras/lang/bicep.lua	home/.config/nvim/lua/plugins/extras/lang/bicep.lua
E138	S	~/.config/nvim/lua/plugins/extras/lang/cf.lua	home/.config/nvim/lua/plugins/extras/lang/cf.lua
E138	S	~/.config/nvim/lua/plugins/extras/lang/csharp.lua	home/.config/nvim/lua/plugins/extras/lang/csharp.lua
E138	S	~/.config/nvim/lua/plugins/extras/lang/dart.lua	home/.config/nvim/lua/plugins/extras/lang/dart.lua
E138	S	~/.config/nvim/lua/plugins/extras/lang/jq.lua	home/.config/nvim/lua/plugins/extras/lang/jq.lua
E138	S	~/.config/nvim/lua/plugins/extras/lang/just.lua	home/.config/nvim/lua/plugins/extras/lang/just.lua
E138	S	~/.config/nvim/lua/plugins/extras/lang/pkl.lua	home/.config/nvim/lua/plugins/extras/lang/pkl.lua
E138	S	~/.config/nvim/lua/plugins/extras/lang/ps1.lua	home/.config/nvim/lua/plugins/extras/lang/ps1.lua
E138	S	~/.config/nvim/lua/plugins/extras/lang/ruby.lua	home/.config/nvim/lua/plugins/extras/lang/ruby.lua
E138	S	~/.config/nvim/lua/plugins/extras/lang/sql.lua	home/.config/nvim/lua/plugins/extras/lang/sql.lua
E138	S	~/.config/nvim/lua/plugins/extras/lang/typst.lua	home/.config/nvim/lua/plugins/extras/lang/typst.lua
E138	S	~/.config/nvim/lua/plugins/extras/linting/spectral.lua	home/.config/nvim/lua/plugins/extras/linting/spectral.lua
E138	S	~/.config/nvim/lua/plugins/extras/test/vitest.lua	home/.config/nvim/lua/plugins/extras/test/vitest.lua
E138	S	~/.config/nvim/lua/plugins/formatting.lua	home/.config/nvim/lua/plugins/formatting.lua
E138	S	~/.config/nvim/lua/plugins/linting.lua	home/.config/nvim/lua/plugins/linting.lua
E138	S	~/.config/nvim/lua/plugins/lsp.lua	home/.config/nvim/lua/plugins/lsp.lua
E138	S	~/.config/nvim/lua/plugins/lspconfig.lua	home/.config/nvim/lua/plugins/lspconfig.lua
E138	S	~/.config/nvim/lua/plugins/treesitter.lua	home/.config/nvim/lua/plugins/treesitter.lua
E138	S	~/.config/nvim/lua/plugins/ui.lua	home/.config/nvim/lua/plugins/ui.lua
E138	S	~/.config/nvim/lua/plugins/util.lua	home/.config/nvim/lua/plugins/util.lua
E138	S	~/.config/nvim/lua/util/init.lua	home/.config/nvim/lua/util/init.lua
E138	S	~/.config/nvim/neovim.yml	home/.config/nvim/neovim.yml
E138	S	~/.config/nvim/selene.toml	home/.config/nvim/selene.toml
E138	S	~/.config/nvim/snippets/cf.json	home/.config/nvim/snippets/cf.json
E138	S	~/.config/nvim/snippets/lua.json	home/.config/nvim/snippets/lua.json
E138	S	~/.config/nvim/snippets/package.json	home/.config/nvim/snippets/package.json
E138	S	~/.config/nvim/spell/en.utf-8.add	home/.config/nvim/spell/en.utf-8.add
E139	S	~/.local/share/texmf/tex/latex/base/lecnotes.cls	home/.local/share/texmf/tex/latex/base/lecnotes.cls
E139	S	~/.local/share/texmf/tex/latex/base/ltxanswer.cls	home/.local/share/texmf/tex/latex/base/ltxanswer.cls
E139	S	~/.local/share/texmf/tex/latex/base/memreport.cls	home/.local/share/texmf/tex/latex/base/memreport.cls
E139	S	~/.local/share/texmf/tex/latex/bryan-hoang/bch-style.sty	home/.local/share/texmf/tex/latex/bryan-hoang/bch-style.sty
E140	W	~/.config/rio/config.toml	home@windows/.config/rio/config.toml
E141	W	~/.config/alacritty/alacritty.common.toml	home@windows/.config/alacritty/alacritty.common.toml
E142	W	~/.config/glazewm/config.yaml	home@windows/.config/glazewm/config.yaml
E143	W	~/.config/mintty/config	home@windows/.config/mintty/config
E144	W	~/.config/pwsh/AGENTS.md	home@windows/.config/pwsh/AGENTS.md
E145	W	~/.config/pwsh/CONTEXT.md	home@windows/.config/pwsh/CONTEXT.md
E146	W	~/.config/pwsh/Initialize-Aliases.ps1	home@windows/.config/pwsh/Initialize-Aliases.ps1
E147	W	~/.config/pwsh/Initialize-Completions.ps1	home@windows/.config/pwsh/Initialize-Completions.ps1
E148	W	~/.config/pwsh/Initialize-Environment.ps1	home@windows/.config/pwsh/Initialize-Environment.ps1
E149	W	~/.config/pwsh/Initialize-Functions.ps1	home@windows/.config/pwsh/Initialize-Functions.ps1
E150	W	~/.config/pwsh/Initialize-Integrations.ps1	home@windows/.config/pwsh/Initialize-Integrations.ps1
E151	W	~/.config/pwsh/Initialize-Preferences.ps1	home@windows/.config/pwsh/Initialize-Preferences.ps1
E152	W	~/.config/pwsh/Microsoft.PowerShell_profile.ps1	home@windows/.config/pwsh/Microsoft.PowerShell_profile.ps1
E153	W	~/.config/pwsh/PSScriptAnalyzerSettings.psd1	home@windows/.config/pwsh/PSScriptAnalyzerSettings.psd1
E154	W	~/.config/windows/wind-term-settings.json	home@windows/.config/windows/wind-term-settings.json
E155	W	~/.config/zebar/settings.json	home@windows/.config/zebar/settings.json
E156	W	~/.config/zebar/custom/README.md	home@windows/.config/zebar/custom/README.md
E157	W	~/.config/zebar/custom/resources/preview-image-1.png	home@windows/.config/zebar/custom/resources/preview-image-1.png
E158	W	~/.config/zebar/custom/styles.css	home@windows/.config/zebar/custom/styles.css
E159	W	~/.config/zebar/custom/with-glazewm.html	home@windows/.config/zebar/custom/with-glazewm.html
E160	W	~/.config/zebar/custom/zpack.json	home@windows/.config/zebar/custom/zpack.json
E161	W	~/.config/mise/dotfiles/.config/windows/WindowsApplications.psm1	config@windows/dotfiles/.config/windows/WindowsApplications.psm1
E162	W	~/.config/mise/dotfiles/AppData/Roaming/alacritty/alacritty.toml	config@windows/dotfiles/AppData/Roaming/alacritty/alacritty.toml
E163	W	~/.config/mise/dotfiles/AppData/Roaming/Microsoft/Windows/Start Menu/Programs/Startup/start-atuin-daemon.vbs	config@windows/dotfiles/AppData/Roaming/Microsoft/Windows/Start Menu/Programs/Startup/start-atuin-daemon.vbs
E164	L	~/.config/zsh/.zprofile	home@linux/.config/zsh/.zprofile
E165	L	~/.config/zsh/.zshrc	home@linux/.config/zsh/.zshrc
E166	L	~/.config/zsh/.zshenv	home@linux/.config/zsh/.zshenv
E167	L	~/.config/zsh/.zlogout	home@linux/.config/zsh/.zlogout
E168	L	~/.config/sheldon/zsh/plugins.toml	home@linux/.config/sheldon/zsh/plugins.toml
E169	L	~/.config/blesh/init.sh	home@linux/.config/blesh/init.sh
E170	L	~/.config/mise/dotfiles/.local/bin/browser-wsl.sh	config@linux/dotfiles/.local/bin/browser-wsl.sh
E171	L	~/.config/nix/nix.conf	home@linux/.config/nix/nix.conf
E172	L	~/.config/mise/dotfiles/.config/vscode/server-env-setup	config@linux/dotfiles/.config/vscode/server-env-setup
E173	L	~/.config/systemd/user/docuum.service	home@linux/.config/systemd/user/docuum.service
E174	L	~/.config/systemd/user/spotifyd.service	home@linux/.config/systemd/user/spotifyd.service
E175	L	~/.config/systemd/user/ssh-agent.service	home@linux/.config/systemd/user/ssh-agent.service
E176	L	~/.config/mise/dotfiles/system/etc/wsl.conf	config@linux/dotfiles/system/etc/wsl.conf
E177	S	~/.typos.toml	home/.typos.toml
E178	S	~/.config/mise/sanitized.ps1	config/sanitized.ps1
