E001	S	~/.config/mise/dotfiles/.editorconfig
E002	S	~/.config/mise/dotfiles/.oxfmtrc.jsonc
E003	S	~/.config/mise/dotfiles/package.json
E004	S	~/.config/mise/dotfiles/pnpm-lock.yaml
E005	S	~/.config/mise/dotfiles/.ssh/config
E006	S	~/.config/mise/config.toml
E007	S	~/.config/mise/AGENTS.md
E008	S	~/.config/mise/conf.d/00-tools.toml
E009	S	~/.config/mise/conf.d/settings.toml
E011	S	~/.config/mise/conf.d/dotfiles.toml
E012	S	~/.config/mise/dotfiles/.config/git/config
E013	S	~/.config/mise/dotfiles/.config/git/personal.gitconfig
E014	S	~/.config/git/alias.gitconfig
E015	S	~/.config/git/COMMIT_EDITMSG
E016	S	~/.config/git/attributes
E017	S	~/.config/git/diff.gitconfig
E018	S	~/.config/git/filter.gitconfig
E019	S	~/.config/git/hook.gitconfig
E020	S	~/.config/git/ignore
E021	S	~/.config/git/order
E022	S	~/.config/bash/.bash_logout
E023	S	~/.config/bash/.bash_profile
E024	S	~/.config/bash/.bashrc
E025	S	~/.config/login/.hushlogin
E026	S	~/.config/shell/.profile
E027	S	~/.config/shell/env.sh
E028	S	~/.config/shell/aliases.sh
E029	S	~/.config/shell/common.sh
E030	S	~/.config/shell/functions.sh
E031	S	~/.config/shell/logout.sh
E032	S	~/.config/default-pkgs/gem.list
E033	S	~/.config/mise/dotfiles/.local/bin/check-git-remote
E034	S	~/.config/mise/dotfiles/.local/bin/git-worktree-prune
E035	S	~/.config/mise/dotfiles/.local/bin/print-git-email-symbol
E036	S	~/.config/.actrc
E037	S	~/.config/.bunfig.toml
E038	S	~/.config/atuin/config.toml
E039	S	~/.config/aube/config.toml
E040	S	~/.config/bat/config
E041	S	~/.config/biome/biome.jsonc
E042	S	~/.config/black
E043	S	~/.config/bob/config.toml
E044	S	~/.config/bottom/bottom.toml
E045	S	~/.config/broot/conf.hjson
E046	S	~/.config/broot/verbs.hjson
E047	S	~/.config/clang-format/.clang-format
E048	S	~/.config/clangd/config.yaml
E049	S	~/.config/conventional-changelog/config.js
E050	S	~/.config/deno/deno.jsonc
E051	S	~/.config/direnv/direnv.toml
E052	S	~/.config/direnv/direnvrc
E053	S	~/.config/espanso/config/default.yml
E054	S	~/.config/espanso/match/base.yml
E055	S	~/.config/git-cliff/cliff.toml
E056	S	~/.config/gitlogue/config.toml
E057	S	~/.config/gitui/key_bindings.ron
E058	S	~/.config/gitui/theme.ron
E059	S	~/.config/grit/grit.yaml
E060	S	~/.config/hadolint.yaml
E061	S	~/.config/harper-ls/dictionary.txt
E062	S	~/.config/hk/AGENTS.md
E063	S	~/.config/hk/config.pkl
E064	S	~/.config/hn-tui.toml
E065	S	~/.config/hunk/config.toml
E066	S	~/.config/irb/irbrc
E067	S	~/.config/jupytext.toml
E068	S	~/.config/latexindent/.latexindent.yaml
E069	S	~/.config/latexmk/latexmkrc
E070	S	~/.config/luacheck/.luacheckrc
E071	S	~/.config/markdownlint/config
E072	S	~/.config/pitchfork/config.toml
E073	S	~/.config/prettier/.prettierrc.mjs
E074	S	~/.config/python/pythonrc.py
E075	S	~/.config/readline/inputrc
E076	S	~/.config/ripgrep/config
E077	S	~/.config/rtk/config.toml
E078	S	~/.config/rubocop/config.yml
E079	S	~/.config/screen/screenrc
E080	S	~/.config/shellcheckrc
E081	S	~/.config/shellfirm/settings.yaml
E082	S	~/.config/silicon/config
E083	S	~/.config/solargraph/config.yml
E084	S	~/.config/sqlfluff/.sqlfluff
E085	S	~/.config/starship/starship.toml
E086	S	~/.config/stylelint/stylelint.config.js
E087	S	~/.config/tailspin/theme.toml
E088	S	~/.config/tealdeer/config.toml
E089	S	~/.config/television/cable/git-branch-local.toml
E090	S	~/.config/television/config.toml
E091	S	~/.config/tokei.toml
E092	S	~/.config/topgrade/topgrade.toml
E093	S	~/.config/warp-terminal/keybindings.yaml
E094	S	~/.config/wezterm/AGENTS.md
E095	S	~/.config/wezterm/CONTEXT.md
E096	S	~/.config/wezterm/selene.toml
E097	S	~/.config/wezterm/wezterm.lua
E098	S	~/.config/wezterm/wezterm.yml
E099	S	~/.config/wiki-tui/config.toml
E100	S	~/.config/zed/settings.json
E101	S	~/.config/mise/dotfiles/.config/herdr/config.toml.tmpl
E102	S	~/.config/stylua/stylua.toml
E103	S	~/.config/helix/config.toml
E104	S	~/.config/helix/themes/catppuccin_mocha_transparent.toml
E105	S	~/.config/helix/themes/gruvbox_dark_hard_transparent.toml
E107	S	~/.config/mpv/input.conf
E108	S	~/.config/mpv/mpv.conf
E109	S	~/.config/opencode/AGENTS.md
E110	S	~/.config/opencode/CONTEXT.md
E111	S	~/.config/tombi/AGENTS.md
E112	S	~/.config/mise/dotfiles/.config/.curlrc
E113	S	~/.config/mise/dotfiles/.config/bundle/config
E114	S	~/.config/mise/dotfiles/.config/gem/gemrc
E115	S	~/.config/mise/dotfiles/.config/gh/config.yml
E116	S	~/.config/mise/dotfiles/.config/litecli/config
E117	S	~/.config/mise/dotfiles/.config/mycli/myclirc
E118	S	~/.config/mise/dotfiles/.config/mysql/my.cnf
E119	S	~/.config/mise/dotfiles/.config/npm/npmrc
E120	S	~/.config/mise/dotfiles/.config/pgcli/config
E121	S	~/.config/mise/dotfiles/.config/pip/pip.conf
E122	S	~/.config/mise/dotfiles/.config/pnpm/config.yaml
E123	S	~/.config/mise/dotfiles/.config/pypoetry/config.toml
E124	S	~/.config/mise/dotfiles/.config/uv/uv.toml
E125	S	~/.config/mise/dotfiles/.config/wget/wgetrc
E126	S	~/.config/mise/dotfiles/.config/youtube-dl/config
E127	S	~/.config/mise/dotfiles/.config/yt-dlp/config
E128	S	~/.config/mise/dotfiles/.config/opencode/opencode.jsonc
E129	S	~/.config/opencode/plugins/inject-env.ts
E130	S	~/.config/opencode/tui.jsonc
E131	S	~/.local/share/gnupg/gpg.conf
E132	S	~/.local/share/gnupg/gpg-agent.conf
E133	S	~/.local/share/cargo/config.toml
E134	S	~/.config/vale/.vale.ini
E135	S	~/.local/share/vale/styles/config/vocabularies/bryan/accept.txt
E136	S	~/.local/share/vale/styles/config/vocabularies/bryan/reject.txt
E137	S	~/.config/helix/languages.toml
E138	S	~/.config/nvim
E139	S	~/.local/share/texmf
E140	W	~/.config/rio/config.toml
E141	W	~/.config/alacritty/alacritty.common.toml
E142	W	~/.config/glazewm/config.yaml
E143	W	~/.config/mintty/config
E144	W	~/.config/pwsh/AGENTS.md
E145	W	~/.config/pwsh/CONTEXT.md
E146	W	~/.config/pwsh/Initialize-Aliases.ps1
E147	W	~/.config/pwsh/Initialize-Completions.ps1
E148	W	~/.config/pwsh/Initialize-Environment.ps1
E149	W	~/.config/pwsh/Initialize-Functions.ps1
E150	W	~/.config/pwsh/Initialize-Integrations.ps1
E151	W	~/.config/pwsh/Initialize-Preferences.ps1
E152	W	~/.config/pwsh/Microsoft.PowerShell_profile.ps1
E153	W	~/.config/pwsh/PSScriptAnalyzerSettings.psd1
E154	W	~/.config/windows/wind-term-settings.json
E155	W	~/.config/zebar/settings.json
E156	W	~/.config/zebar/custom/README.md
E157	W	~/.config/zebar/custom/resources/preview-image-1.png
E158	W	~/.config/zebar/custom/styles.css
E159	W	~/.config/zebar/custom/with-glazewm.html
E160	W	~/.config/zebar/custom/zpack.json
E161	W	~/.config/mise/dotfiles/.config/windows/WindowsApplications.psm1
E162	W	~/.config/mise/dotfiles/AppData/Roaming/alacritty/alacritty.toml
E163	W	~/.config/mise/dotfiles/AppData/Roaming/Microsoft/Windows/Start Menu/Programs/Startup/start-atuin-daemon.vbs
E164	L	~/.config/zsh/.zprofile
E165	L	~/.config/zsh/.zshrc
E166	L	~/.config/zsh/.zshenv
E167	L	~/.config/zsh/.zlogout
E168	L	~/.config/sheldon/zsh/plugins.toml
E169	L	~/.config/blesh/init.sh
E170	L	~/.config/mise/dotfiles/.local/bin/browser-wsl.sh
E171	L	~/.config/nix/nix.conf
E172	L	~/.config/mise/dotfiles/.config/vscode/server-env-setup
E173	L	~/.config/systemd/user/docuum.service
E174	L	~/.config/systemd/user/spotifyd.service
E175	L	~/.config/systemd/user/ssh-agent.service
E176	L	~/.config/mise/dotfiles/system/etc/wsl.conf
E177	S	~/.typos.toml
